{"cameraMode":{"drawMode":0,"name":"Shaded","section":"Shading Mode"},"sceneLighting":false,"audioPlay":false,"sceneViewState":{"showFog":true,"showMaterialUpdate":false,"showSkybox":true,"showFlares":true,"showImageEffects":true,"showParticleSystems":true},"in2DMode":false,"pivot":{"x":0.05877685546875,"y":0.07999998331069946,"z":-5.965761661529541},"rotation":{"x":-0.20425260066986085,"y":-0.031713489443063739,"z":0.006620672065764666,"w":-0.9783819913864136},"size":8.901196479797364,"orthographic":false}